table,column,column_type,nonnull,hit_biz_party,hit_sys_user,hit_biz_party_contact,verdict,code_evidence,doc_evidence
agreement_invite,accepted_party_id,bigint,0,0,0,0,全空（无从判定）,,
biz_party_contact,contact_id,bigint,71,3,1,0,部分命中（需人工判定）,,
crm_contract,contact_id,bigint,0,0,0,0,全空（无从判定）,,
crm_marketing_execution,contact_id,bigint,0,0,0,0,全空（无从判定）,,
crm_marketing_target,contact_id,bigint,0,0,0,0,全空（无从判定）,,
crm_quotation,contact_id,bigint,0,0,0,0,全空（无从判定）,,
erp_retail_order,contact_id,bigint,0,0,0,0,全空（无从判定）,,
erp_sale_outbound,contact_id,bigint,0,0,0,0,全空（无从判定）,,
crm_contract,customer_id,bigint,0,0,0,0,全空（无从判定）,,
crm_customer_follow_up,customer_id,bigint,0,0,0,0,全空（无从判定）,,
crm_customer_opportunity,customer_id,bigint,0,0,0,0,全空（无从判定）,,
crm_customer_pool,customer_id,bigint,0,0,0,0,全空（无从判定）,,
crm_marketing_execution,customer_id,bigint,0,0,0,0,全空（无从判定）,,
crm_marketing_target,customer_id,bigint,0,0,0,0,全空（无从判定）,,
crm_quotation,customer_id,bigint,2,2,2,0,同时命中 biz_party/sys_user（数据侧不可区分，必须看代码证据）,,
crm_quotation_template,customer_id,bigint,0,0,0,0,全空（无从判定）,,
crm_visit_plan,customer_id,bigint,0,0,0,0,全空（无从判定）,,
crm_visit_record,customer_id,bigint,0,0,0,0,全空（无从判定）,,
dms_return_receive,customer_id,bigint,0,0,0,0,全空（无从判定）,,
dms_ship_order,customer_id,bigint,0,0,0,0,全空（无从判定）,,
dms_task,customer_id,bigint,35,35,35,0,同时命中 biz_party/sys_user（数据侧不可区分，必须看代码证据）,,
erp_balance_log,customer_id,bigint,0,0,0,0,全空（无从判定）,,
erp_customer_product_price,customer_id,bigint,29,27,0,0,部分命中（需人工判定）,,
erp_delivery_rating,customer_id,bigint,0,0,0,0,全空（无从判定）,,
erp_group_buy_participant,customer_id,bigint,0,0,0,0,全空（无从判定）,,
erp_pre_receipt,customer_id,bigint,2,2,0,0,指向 biz_party,中等证据：写入方 PaymentBusinessIntegrationService:306「receipt.setCustomerId(partyId)」变量名即往来单位 id；数据 2/2 命中 biz_party ⇒ 判定为 biz_party.id（样本少，切换前建议再抽一次）,（本列留空：留待业务/文档侧确认）
erp_price_approval,customer_id,bigint,0,0,0,0,全空（无从判定）,,
erp_price_calculation_request,customer_id,character varying,0,0,0,0,全空（无从判定）,,
erp_price_memory,customer_id,bigint,0,0,0,0,全空（无从判定）,,
erp_receipt,customer_id,bigint,0,0,0,0,全空（无从判定）,,
erp_retail_order,customer_id,bigint,8,8,0,0,指向 biz_party,铁证：实体字段行内注释「private Long customerId; // 客户ID → biz_party.id」（RetailOrder.java:41）,（本列留空：留待业务/文档侧确认）
erp_sale_exchange,customer_id,bigint,6,6,0,0,指向 biz_party,铁证：SaleExchange.java:55 注释「客户快照（来源: erp_customer）」,（本列留空：留待业务/文档侧确认）
erp_sale_order,customer_id,bigint,27,27,27,0,同时命中 biz_party/sys_user（数据侧不可区分，必须看代码证据）,,
erp_sale_outbound,customer_id,bigint,32,32,3,0,指向 biz_party,铁证：SaleOutbound.java:37 注释「客户快照」；且数据 32/32 命中,（本列留空：留待业务/文档侧确认）
erp_sale_pre_order,customer_id,bigint,0,0,0,0,全空（无从判定）,,
erp_sale_return,customer_id,bigint,25,22,0,0,部分命中（需人工判定）,,
erp_sale_return_doc,customer_id,bigint,0,0,0,0,全空（无从判定）,,
finance_receivable,customer_id,character varying,6,6,0,0,指向 biz_party,"铁证：Receivable.java:41-45「/** 客户ID */」+ @TableField(""customer_id"")；注意实体类型是 String、列是 varchar",（本列留空：留待业务/文档侧确认）
invoice,customer_id,bigint,0,0,0,0,全空（无从判定）,,
invoice_application,customer_id,bigint,0,0,0,0,全空（无从判定）,,
invoice_payment_record,customer_id,bigint,0,0,0,0,全空（无从判定）,,
mall_order,customer_id,bigint,0,0,0,0,全空（无从判定）,,
mkt_flash_sale_order,customer_id,bigint,0,0,0,0,全空（无从判定）,,
mkt_presale_order,customer_id,bigint,0,0,0,0,全空（无从判定）,,
wms_pick_task,customer_id,bigint,0,0,0,0,全空（无从判定）,,
wms_ship_task,customer_id,bigint,0,0,0,0,全空（无从判定）,,
erp_ar_ap_adjust,partner_id,bigint,0,0,0,0,全空（无从判定）,,
erp_commission_record,partner_id,bigint,0,0,0,0,全空（无从判定）,,
erp_cost_sharing_expense_item,partner_id,bigint,0,0,0,0,全空（无从判定）,,
erp_expense_doc,partner_id,bigint,28,28,25,0,指向 biz_party,铁证：ExpenseDoc.java:36「/** 往来单位ID（往来单位费用） */」,（本列留空：留待业务/文档侧确认）
erp_initial_finance_partner,partner_id,bigint,0,0,0,0,全空（无从判定）,,
erp_loyalty_card,partner_id,bigint,0,0,0,0,全空（无从判定）,,
erp_loyalty_coupon,partner_id,bigint,44,44,12,0,指向 biz_party,已结案（强证据）：PromotionEngineImpl:349-350 把 coupon.getPartnerId() 与 req.getCustomerId() 直接比较 ⇒ 两者同一域 ⇒ 本列就是**客户**（biz_party.id）；实体注释「关联往来单位联系人」**过时**（数据 44/44 命中 biz_party、contact=0 亦佐证）,（本列留空：留待业务/文档侧确认）
erp_partner_attachment,partner_id,bigint,11,11,0,6,✅ 指向 biz_party（2026-09-27 结案）,代码证据：MdCustomerController:858 用 getPartnerId 按 party id 统计附件、:878 随即按同 id 删主体；PartyAttachmentController:29 的路径变量本就叫 partyId；前端 partner.ts:522 以客户表单 id 调 getByPartner。contact 命中 6/11 是小整数主键重叠噪声、非语义指向,PHASE-3-5 §3.2 复核
erp_partner_contact,partner_id,bigint,0,0,0,0,全空（无从判定）,,
erp_partner_logistics_ext,partner_id,bigint,0,0,0,0,全空（无从判定）,,
erp_partner_role,partner_id,bigint,0,0,0,0,全空（无从判定）,,
erp_product_shield,partner_id,bigint,33,33,0,0,指向 biz_party,铁证：ProductShield.java:33「/** 屏蔽客户ID */」,（本列留空：留待业务/文档侧确认）
erp_purchase_price_track,partner_id,bigint,8,0,0,8,指向 biz_party_contact,,
erp_sale_price_track,partner_id,bigint,15,15,4,0,指向 biz_party,铁证：SalePriceTrack.java:50-52「往来单位（客户）信息快照 / /** 往来单位ID */」,（本列留空：留待业务/文档侧确认）
erp_stock_in,partner_id,bigint,0,0,0,0,全空（无从判定）,,
erp_stock_out,partner_id,bigint,0,0,0,0,全空（无从判定）,,
fin_other_income_doc,partner_id,bigint,0,0,0,0,全空（无从判定）,,
mkt_auto_campaign_log,partner_id,bigint,0,0,0,0,全空（无从判定）,,
mkt_coupon_customer,partner_id,bigint,0,0,0,0,全空（无从判定）,,
mkt_points_batch,partner_id,bigint,0,0,0,0,全空（无从判定）,,
mkt_points_journal,partner_id,bigint,0,0,0,0,全空（无从判定）,,
mkt_sms_consent,partner_id,bigint,10,10,0,0,✅ 指向 biz_party（2026-09-27 结案）,代码证据：SmsSendServiceImpl:103 取的 receiverId 来自 MarketingQueryMapper:70 的 SELECT p.id AS partner_id FROM biz_party p（不是联系人）；数据 10/10 命中 biz_party、contact 0/10 ⇒ 旧「来源未追清」已结案,PHASE-3-5 §3.2 复核
mkt_stored_card,partner_id,bigint,1,1,0,0,✅ 指向 biz_party（2026-09-27 结案，样本仅 1 行但代码链完整）,代码证据：StoredCardController:93 收 card；前端 stored-card/index.vue:675 写 issueForm.partnerId=record.id、而 record 出自 PartnerSelectModal（数据源 /erp/md/customer/page，往来单位单一口径）；StoredCardAccountingServiceImpl:96 又把它当 customerId 推应收 ⇒ 只能是 biz_party.id,PHASE-3-5 §3.2 复核
mkt_stored_card_flow,partner_id,bigint,1,1,0,0,✅ 指向 biz_party（2026-09-27 结案）,代码证据：StoredCardServiceImpl:223 setPartnerId(card.getPartnerId()) 、StoredCardExpireJob:105 同源 ⇒ 纯衍生自 mkt_stored_card、非独立写入 ⇒ 随卡定性、不可能单独指向联系人,PHASE-3-5 §3.2 复核
wms_borrow_order,partner_id,bigint,0,0,0,0,全空（无从判定）,,
agreement_signature,party_id,bigint,0,0,0,0,全空（无从判定）,,
biz_party_address,party_id,bigint,0,0,0,0,全空（无从判定）,,
biz_party_contact,party_id,bigint,72,63,0,45,部分命中（需人工判定）,,
biz_party_follow,party_id,bigint,0,0,0,0,全空（无从判定）,,
biz_party_grade_relation,party_id,bigint,0,0,0,0,全空（无从判定）,,
biz_party_transaction,party_id,bigint,0,0,0,0,全空（无从判定）,,
erp_capital_flow,party_id,bigint,2,2,0,0,指向 biz_party,⚠️ 多态引用：紧邻 partyType（CapitalFlowController 里叫「对方类型」）⇒ 按类型决定指向哪张表 ⇒ 不能当 biz_party.id 唯一处理,（本列留空：留待业务/文档侧确认）
erp_linked_account,party_id,bigint,0,0,0,0,全空（无从判定）,,
shop_user,party_id,bigint,0,0,0,0,全空（无从判定）,,
shop_user_party_link,party_id,bigint,0,0,0,0,全空（无从判定）,,
dms_purchase_receive,supplier_id,bigint,0,0,0,0,全空（无从判定）,,
erp_cost_sharing,supplier_id,bigint,0,0,0,0,全空（无从判定）,,
erp_cost_sharing_item,supplier_id,bigint,0,0,0,0,全空（无从判定）,,
erp_inquiry_quotation,supplier_id,bigint,0,0,0,0,全空（无从判定）,,
erp_payment,supplier_id,bigint,0,0,0,0,全空（无从判定）,,
erp_pre_payment,supplier_id,bigint,0,0,0,0,全空（无从判定）,,
erp_purchase_cost_sharing,supplier_id,bigint,0,0,0,0,全空（无从判定）,,
erp_purchase_exchange,supplier_id,bigint,0,0,0,0,全空（无从判定）,,
erp_purchase_inbound,supplier_id,bigint,36,0,31,5,部分命中（需人工判定）,,
erp_purchase_order,supplier_id,bigint,11,1,4,7,部分命中（需人工判定）,,
erp_purchase_return,supplier_id,bigint,0,0,0,0,全空（无从判定）,,
erp_stock,supplier_id,bigint,0,0,0,0,全空（无从判定）,,
erp_stock_replenishment,supplier_id,bigint,0,0,0,0,全空（无从判定）,,
erp_supplier_notification,supplier_id,bigint,0,0,0,0,全空（无从判定）,,
erp_supplier_performance,supplier_id,bigint,0,0,0,0,全空（无从判定）,,
erp_supplier_points_record,supplier_id,bigint,0,0,0,0,全空（无从判定）,,
finance_payable,supplier_id,character varying,3,0,0,3,指向 biz_party_contact,,
invoice,supplier_id,bigint,0,0,0,0,全空（无从判定）,,
invoice_application,supplier_id,bigint,0,0,0,0,全空（无从判定）,,
invoice_payment_record,supplier_id,bigint,0,0,0,0,全空（无从判定）,,
purchase_contract,supplier_id,bigint,0,0,0,0,全空（无从判定）,,
purchase_supplier_candidate,supplier_id,character varying,0,0,0,0,全空（无从判定）,,
purchase_supplier_evaluation,supplier_id,character varying,0,0,0,0,全空（无从判定）,,
purchase_supplier_quotation,supplier_id,character varying,0,0,0,0,全空（无从判定）,,
purchase_supplier_quote,supplier_id,bigint,0,0,0,0,全空（无从判定）,,
supplier_notification_config,supplier_id,bigint,0,0,0,0,全空（无从判定）,,
supplier_notification_record,supplier_id,bigint,0,0,0,0,全空（无从判定）,,
wms_inventory,supplier_id,bigint,0,0,0,0,全空（无从判定）,,
wms_receipt_task,supplier_id,bigint,0,0,0,0,全空（无从判定）,,
agreement_invite,target_party_id,bigint,0,0,0,0,全空（无从判定）,,
